"Star_code";"FACTION_KEY";"Subfaction"
1;"LC";"LC,Tamar Pact,Tamar Domains"
3;"FWL";"FWL,Marik Commonwealth"
6;"FS";"FS,Draconis March,Woodbine Operational Area,Region 4"
7;"LC";"LC,Protectorate of Donegal,Alarion Province"
13;"LC";"LC,Protectorate of Donegal,Coventry Province"
15;"CC";"CC,Tikonov Commonality,Region 3"
16;"LC";"LC,Federation of Skye,Kannon Shire"
19;"OA";"OA,Onverwacht Province"
25;"MOC";"MOC,Luxen Province"
27;"LC";"LC,Protectorate of Donegal,Coventry Province"
28;"FS";"FS,Crucis March,Minette Operational Area,Broken Wheel Combat Region"
34;"FS";"FS,Draconis March,Woodbine Operational Area,Region 3"
37;"LC";"LC,Federation of Skye,Isle of Skye"
44;"LC";"LC,Protectorate of Donegal,Alarion Province"
48;"LC";"LC,Tamar Pact,Camlann Shire"
51;"DC";"DC,Dieron Military District,Ashio Prefecture"
52;"LC";"LC,Protectorate of Donegal,Alarion Province,Minor Capital"
53;"DC";"DC,Dieron Military District,Ashio Prefecture"
59;"CC";"CC,Tikonov Commonality,Region 6"
62;"OA";"OA,Ramora Province"
63;"LC";"LC,Protectorate of Donegal,Alarion Province"
65;"LC";"LC,Federation of Skye,Virginia Shire,Minor Capital"
67;"DC";"DC,Pesht Military District,Pusht-i-rud Prefecture"
68;"DC";"DC,Dieron Military District,Kuzuu Prefecture"
69;"CC";"CC,Tikonov Commonality,Region 7"
73;"LC";"LC,Federation of Skye,Isle of Skye"
74;"LC";"LC,Federation of Skye,Virginia Shire"
79;"DC";"DC,Rasalhague Military District,Radstadt Prefecture"
80;"FS";"FS,Draconis March,Robinson Operational Area,Region 3"
82;"FS";"FS,Capellan March,Kathil Operational Area,Region 1"
84;"FS";"FS,Draconis March,Robinson Operational Area,Region 2"
87;"CC";"CC,Tikonov Commonality,Region 4"
88;"FWL";"FWL,Marik Commonwealth"
89;"LC";"LC,Federation of Skye,Isle of Skye"
93;"FS";"FS,Crucis March,Chirikof Operational Area,Region 1"
94;"DC";"DC,Rasalhague Military District,Tinaca Prefecture"
95;"FWL";"FWL,Principality of Regulus"
102;"LC";"LC,Protectorate of Donegal,Alarion Province"
109;"FWL";"FWL"
110;"DC";"DC,Dieron Military District,Kuzuu Prefecture"
112;"OA";"OA,Blommestein Province"
113;"TC";"TC,Perdition Union"
115;"CC";"CC,St. Ives Commonality,Region 4"
116;"I";"I"
117;"FS";"FS,Crucis March,Markesan Operational Area,Region 1"
118;"FWL";"FWL"
121;"A";"A"
124;"FS";"FS,Capellan March,Taygeta Operational Area,Region 2"
128;"CC";"CC,Andurien Commonality,Region 3"
129;"FS";"FS,Crucis March,Minette Operational Area,Tsamma Combat Region"
134;"FWL";"FWL,Marik Commonwealth"
139;"FS";"FS,Crucis March,Minette Operational Area,Anjin Muerto Combat Region"
140;"DC";"DC,Dieron Military District,Addicks Prefecture"
142;"DC";"DC,Benjamin Military District,Irurzun Prefecture"
149;"FWL";"FWL,Duchy of Andurien"
151;"CC";"CC,Capella Commonality,Region 6"
152;"CC";"CC,Andurien Commonality,Region 3"
158;"DC";"DC,Benjamin Military District,Irurzun Prefecture"
164;"A";"A"
167;"LC";"LC,Protectorate of Donegal,District of Donegal"
170;"LC";"LC,Protectorate of Donegal,Furillo Province"
175;"I";"I"
177;"LC";"LC,Protectorate of Donegal,Coventry Province"
180;"A";"A"
190;"DC";"DC,Pesht Military District,Kagoshima Prefecture"
192;"DC";"DC,Dieron Military District,Ashio Prefecture,Minor Capital"
194;"FS";"FS,Capellan March,Taygeta Operational Area,Region 1"
202;"FWL";"FWL,Marik Commonwealth,Faction Capital"
204;"DC";"DC,Dieron Military District,Chaville Prefecture"
209;"FWL";"FWL,Marik Commonwealth"
210;"FS";"FS,Crucis March,Markesan Operational Area,Region 3"
214;"I";"I"
217;"FS";"FS,Crucis March,Markesan Operational Area,Region 1"
220;"FWL";"FWL,Principality of Regulus"
222;"A";"A"
224;"I";"I"
226;"LC";"LC,Protectorate of Donegal,Alarion Province"
232;"DC";"DC,Benjamin Military District,Baldur Prefecture"
233;"CC";"CC,St. Ives Commonality,Region 6"
238;"FS";"FS,Capellan March,Kathil Operational Area,Region 1"
244;"MOC";"MOC,Ballad Province,Major Capital"
245;"FS";"FS,Draconis March,Robinson Operational Area,Region 3"
250;"DC";"DC,Galedon Military District,New Samarkand Prefecture"
252;"FWL";"FWL,Duchy of Andurien"
253;"DC";"DC,Pesht Military District,Bjarred Prefecture"
257;"FS";"FS,Crucis March,Chirikof Operational Area,Region 3"
258;"LC";"LC,Protectorate of Donegal,Coventry Province"
260;"FS";"FS,Draconis March,Robinson Operational Area,Region 4"
262;"FS";"FS,Crucis March,Markesan Operational Area,Region 1"
263;"A";"A"
266;"CC";"CC,Tikonov Commonality,Region 4"
268;"LC";"LC,Tamar Pact,Tamar Domains"
272;"FS";"FS,Draconis March,Woodbine Operational Area,Region 4"
273;"LC";"LC,Protectorate of Donegal,Alarion Province"
275;"I";"I"
277;"LC";"LC,Federation of Skye,Kannon Shire"
278;"FS";"FS,Crucis March,Minette Operational Area,Anjin Muerto Combat Region"
281;"FS";"FS,Draconis March,Woodbine Operational Area,Region 4"
283;"A";"A"
287;"CC";"CC,St. Ives Commonality,Region 7"
291;"CC";"CC,Sian Commonality,Region 6"
295;"FS";"FS,Crucis March,Markesan Operational Area,Region 3"
297;"FS";"FS,Crucis March,Markesan Operational Area,Region 2"
298;"CC";"CC,Tikonov Commonality,Region 5"
299;"FS";"FS,Draconis March,Woodbine Operational Area,Region 5"
302;"DC";"DC,Benjamin Military District,Kajikazawa Prefecture,Major Capital"
304;"CC";"CC,Sian Commonality,Region 1"
309;"FWL";"FWL"
315;"FS";"FS,Capellan March,Kathil Operational Area,Region 1"
321;"CC";"CC,Tikonov Commonality,Region 4"
322;"A";"A"
324;"LC";"LC,Protectorate of Donegal,Coventry Province"
329;"LC";"LC,Tamar Pact,Tamar Domains"
331;"FS";"FS,Capellan March,Taygeta Operational Area,Region 2"
332;"FWL";"FWL,Principality of Regulus"
335;"DC";"DC,Pesht Military District,Bjarred Prefecture,Minor Capital"
337;"LC";"LC,Protectorate of Donegal,Coventry Province"
340;"LC";"LC,Tamar Pact,Tamar Domains"
343;"FS";"FS,Capellan March,Kathil Operational Area,Region 3"
350;"LC";"LC,Protectorate of Donegal,Coventry Province"
354;"FS";"FS,Capellan March,Taygeta Operational Area,Region 1"
363;"FS";"FS,Crucis March,Minette Operational Area,Point Barrow Combat Region"
367;"CC";"CC,Sian Commonality,Region 9"
368;"FWL";"FWL,Marik Commonwealth"
372;"A";"A"
375;"A";"A"
376;"A";"A"
378;"FWL";"FWL"
380;"FS";"FS,Capellan March,Kathil Operational Area,Region 2"
384;"A";"A"
385;"DC";"DC,Benjamin Military District,Xinyang Prefecture"
386;"FS";"FS,Draconis March,Robinson Operational Area,Region 2"
387;"I";"I"
390;"LC";"LC,Protectorate of Donegal,District of Donegal"
391;"CC";"CC,St. Ives Commonality,Region 2"
394;"TC";"TC,Brinton Union,Major Capital"
395;"TC";"TC,Hyades Union"
402;"FS";"FS,Crucis March,Minette Operational Area,Broken Wheel Combat Region"
403;"FS";"FS,Capellan March,Taygeta Operational Area,Region 1"
404;"FS";"FS,Draconis March,Woodbine Operational Area,Region 1"
407;"DC";"DC,Rasalhague Military District,Radstadt Prefecture"
409;"FS";"FS,Capellan March,Taygeta Operational Area,Region 2"
412;"CC";"CC,Tikonov Commonality,Region 7"
413;"LC";"LC,Protectorate of Donegal,Coventry Province"
414;"DC";"DC,Benjamin Military District,Baldur Prefecture"
416;"LC";"LC,Protectorate of Donegal,Alarion Province"
421;"LC";"LC,Tamar Pact,Trellshire"
424;"MOC";"MOC,Ballad Province"
425;"DC";"DC,Pesht Military District,Kagoshima Prefecture"
426;"DC";"DC,Pesht Military District,Bjarred Prefecture"
429;"FS";"FS,Draconis March,Woodbine Operational Area,Region 3"
438;"FS";"FS,Crucis March,Chirikof Operational Area,Region 2"
439;"LC";"LC,Protectorate of Donegal,Coventry Province"
440;"LC";"LC,Federation of Skye,Rahneshire"
443;"FWL";"FWL"
444;"LC";"LC,Protectorate of Donegal,District of Donegal"
447;"CC";"CC,Andurien Commonality,Region 3,Major Capital"
449;"TC";"TC,Hyades Union"
450;"FS";"FS,Crucis March,Chirikof Operational Area,Region 2"
453;"FWL";"FWL"
456;"FWL";"FWL,Marik Commonwealth"
459;"LC";"LC,Protectorate of Donegal,Coventry Province"
460;"MOC";"MOC,Canopus District"
461;"LC";"LC,Federation of Skye,Rahneshire"
462;"MOC";"MOC,Faction Capital"
463;"FWL";"FWL,Duchy of Andurien"
465;"CC";"CC,Capella Commonality,Region 2,Major Capital"
474;"FS";"FS,Capellan March,Kathil Operational Area,Region 1"
476;"LC";"LC,Protectorate of Donegal,Alarion Province"
478;"A";"A"
482;"LC";"LC,Federation of Skye,Virginia Shire"
483;"LC";"LC,Tamar Pact,Camlann Shire"
488;"FWL";"FWL"
495;"LC";"LC,Federation of Skye,Rahneshire"
498;"MOC";"MOC,Ballad Province"
499;"FWL";"FWL,Principality of Regulus"
500;"LC";"LC,Federation of Skye,Kannon Shire"
503;"TC";"TC,Perdition Union"
504;"TC";"TC,Perdition Union"
507;"FWL";"FWL,Rim Commonality"
508;"FWL";"FWL"
517;"LC";"LC,Protectorate of Donegal,Alarion Province"
522;"LC";"LC,Federation of Skye,Isle of Skye"
523;"DC";"DC,Pesht Military District,Kagoshima Prefecture"
524;"FS";"FS,Crucis March,Markesan Operational Area,Region 2"
529;"FS";"FS,Crucis March,Markesan Operational Area,Region 3"
530;"CC";"CC,Capella Commonality,Region 1"
535;"FS";"FS,Capellan March,Kathil Operational Area,Region 1"
536;"LC";"LC,Protectorate of Donegal,Coventry Province"
537;"LC";"LC,Protectorate of Donegal,Alarion Province"
552;"FS";"FS,Draconis March,Robinson Operational Area,Region 4"
554;"A";"A"
556;"DC";"DC,Pesht Military District,Bjarred Prefecture"
561;"CF";"CF,Faction Capital"
562;"FWL";"FWL"
571;"FS";"FS,Draconis March,Woodbine Operational Area,Region 4"
572;"FS";"FS,Crucis March,Markesan Operational Area,Region 2"
581;"CC";"CC,Sian Commonality,Region 9"
583;"FWL";"FWL"
586;"FWL";"FWL,Marik Commonwealth"
587;"CC";"CC,Andurien Commonality,Region 1"
588;"DC";"DC,Galedon Military District,Kaznejoy Prefecture"
594;"OA";"OA,Cerberus Province"
595;"FWL";"FWL"
596;"CC";"CC,Capella Commonality,Region 2"
599;"DC";"DC,Rasalhague Military District,Tinaca Prefecture"
600;"FWL";"FWL,Marik Commonwealth"
605;"DC";"DC,Benjamin Military District,Xinyang Prefecture"
611;"DC";"DC,Rasalhague Military District,Trondheim Prefecture"
612;"FS";"FS,Draconis March,Robinson Operational Area,Region 3"
614;"FS";"FS,Crucis March,Minette Operational Area,Point Barrow Combat Region"
620;"OC";"OC"
626;"CC";"CC,Sian Commonality,Region 2"
627;"FS";"FS,Draconis March,Robinson Operational Area,Region 4"
630;"LC";"LC,Tamar Pact,Trellshire"
637;"DC";"DC,Benjamin Military District,Irurzun Prefecture"
640;"DC";"DC,Dieron Military District,Addicks Prefecture"
643;"TC";"TC,Dumassas Region"
648;"MOC";"MOC,Luxen Province"
649;"FWL";"FWL"
657;"FWL";"FWL,Federation of Oriente"
660;"FWL";"FWL,Duchy of Andurien"
665;"FS";"FS,Crucis March,Chirikof Operational Area,Region 2"
666;"DC";"DC,Benjamin Military District,Proserpina Prefecture"
670;"A";"A"
673;"FS";"FS,Crucis March,Markesan Operational Area,Region 2"
676;"LC";"LC,Tamar Pact,Camlann Shire"
681;"FS";"FS,Crucis March,Markesan Operational Area,Region 3"
684;"FS";"FS,Draconis March,Woodbine Operational Area,Region 4"
685;"FS";"FS,Crucis March,Markesan Operational Area,Region 2"
691;"LC";"LC,Tamar Pact,Trellshire"
693;"LC";"LC,Tamar Pact,Trellshire"
694;"FS";"FS,Crucis March,Minette Operational Area,Anjin Muerto Combat Region"
700;"FWL";"FWL"
701;"LC";"LC,Tamar Pact,Trellshire"
705;"FWL";"FWL"
708;"TC";"TC,Perdition Union"
709;"A";"A"
712;"FS";"FS,Capellan March,Taygeta Operational Area,Region 2"
715;"FWL";"FWL"
716;"CC";"CC,Sian Commonality,Region 3"
717;"LC";"LC,Protectorate of Donegal,Coventry Province"
720;"LC";"LC,Tamar Pact,Camlann Shire"
729;"OA";"OA,Blommestein Province"
730;"LC";"LC,Tamar Pact,Tamar Domains"
739;"OA";"OA,Baliggora Province"
746;"FS";"FS,Crucis March,Chirikof Operational Area,Region 1"
752;"MOC";"MOC,Luxen Province"
760;"DC";"DC,Dieron Military District,Chaville Prefecture"
767;"FS";"FS,Crucis March,Minette Operational Area,Broken Wheel Combat Region"
772;"FS";"FS,Crucis March,Markesan Operational Area,Region 1"
774;"DC";"DC,Rasalhague Military District,Tinaca Prefecture"
778;"FWL";"FWL,Abbey District"
780;"FS";"FS,Crucis March,Markesan Operational Area,Region 3"
782;"FS";"FS,Capellan March,Taygeta Operational Area,Region 2"
783;"LC";"LC,Protectorate of Donegal,Coventry Province"
785;"FWL";"FWL,Marik Commonwealth"
800;"FS";"FS,Draconis March,Robinson Operational Area,Region 3"
802;"FS";"FS,Capellan March,Taygeta Operational Area,Region 2"
805;"LC";"LC,Protectorate of Donegal,Coventry Province"
806;"DC";"DC,Galedon Military District,New Samarkand Prefecture"
811;"CC";"CC,Capella Commonality,Region 6"
813;"CC";"CC,Tikonov Commonality,Region 3"
814;"CC";"CC,Tikonov Commonality,Region 3"
820;"LC";"LC,Protectorate of Donegal,District of Donegal"
821;"FWL";"FWL,Marik Commonwealth"
823;"CC";"CC,Andurien Commonality,Region 3"
825;"FS";"FS,Crucis March,Chirikof Operational Area,Region 3"
826;"FWL";"FWL,Marik Commonwealth"
832;"FS";"FS,Crucis March,Markesan Operational Area,Region 2"
834;"FS";"FS,Crucis March,Markesan Operational Area,Region 1"
837;"FS";"FS,Draconis March,Robinson Operational Area,Region 1"
839;"FWL";"FWL,Duchy of Andurien"
850;"I";"I"
860;"LC";"LC,Protectorate of Donegal,Alarion Province"
865;"FS";"FS,Crucis March,Minette Operational Area,Broken Wheel Combat Region"
866;"LC";"LC,Federation of Skye,Rahneshire"
869;"FS";"FS,Crucis March,Minette Operational Area,Broken Wheel Combat Region"
871;"I";"I"
872;"A";"A"
874;"LC";"LC,Protectorate of Donegal,Alarion Province"
880;"TC";"TC,Hyades Union"
882;"FWL";"FWL,Federation of Oriente"
885;"CC";"CC,Sian Commonality,Region 5"
888;"FWL";"FWL,Marik Commonwealth"
891;"CC";"CC,Sarna Commonality,Region 2"
899;"CC";"CC,Sian Commonality,Region 11"
900;"A";"A"
904;"CC";"CC,Sian Commonality,Region 2"
910;"CC";"CC,Sian Commonality,Region 3"
911;"FWL";"FWL,Principality of Regulus"
913;"I";"I"
914;"LC";"LC,Federation of Skye,Isle of Skye"
920;"DC";"DC,Galedon Military District,New Samarkand Prefecture,Major Capital"
937;"A";"A"
950;"LC";"LC,Protectorate of Donegal,District of Donegal"
954;"I";"I"
955;"FS";"FS,Crucis March,Minette Operational Area,Broken Wheel Combat Region"
958;"TC";"TC,Brinton Union"
959;"OA";"OA,Traders Domain"
962;"DC";"DC,Rasalhague Military District,Trondheim Prefecture"
965;"LC";"LC,Federation of Skye,Virginia Shire"
968;"CC";"CC,Sian Commonality,Region 11"
984;"FWL";"FWL"
992;"CC";"CC,Sian Commonality,Region 8"
994;"OA";"OA,Traders Domain"
996;"DC";"DC,Pesht Military District,Pusht-i-rud Prefecture"
1005;"FWL";"FWL"
1009;"TC";"TC,Perdition Union"
1010;"FS";"FS,Crucis March,Chirikof Operational Area,Region 1"
1017;"I";"I"
1020;"DC";"DC,Rasalhague Military District,Radstadt Prefecture"
1024;"I";"I"
1026;"CC";"CC,St. Ives Commonality,Region 7"
1031;"I";"I"
1036;"DC";"DC,Rasalhague Military District,Tinaca Prefecture"
1037;"LC";"LC,Protectorate of Donegal,Furillo Province"
1038;"OA";"OA,Baliggora Province"
1042;"CC";"CC,Chesterton Commonality"
1043;"LC";"LC,Protectorate of Donegal,District of Donegal"
1046;"FWL";"FWL"
1047;"LC";"LC,Protectorate of Donegal,District of Donegal"
1050;"DC";"DC,Pesht Military District,Coudoux Prefecture"
1052;"CC";"CC,Sian Commonality,Region 9"
1053;"CC";"CC,Sian Commonality,Region 4"
1054;"MOC";"MOC,Canopus District"
1062;"DC";"DC,Pesht Military District,Pusht-i-rud Prefecture"
1066;"MOC";"MOC,Canopus District"
1071;"FS";"FS,Draconis March,Woodbine Operational Area,Region 4"
1076;"FWL";"FWL"
1077;"FWL";"FWL"
1083;"DC";"DC,Dieron Military District,Addicks Prefecture"
1084;"I";"I"
1088;"FWL";"FWL,Principality of Regulus"
1093;"FS";"FS,Crucis March,Minette Operational Area,Broken Wheel Combat Region"
1095;"I";"I"
1096;"LC";"LC,Tamar Pact,Trellshire"
1097;"A";"A"
1099;"DC";"DC,Pesht Military District,Kagoshima Prefecture"
1100;"I";"I"
1105;"CC";"CC,Sian Commonality,Region 4"
1108;"FS";"FS,Draconis March,Woodbine Operational Area,Region 5"
1110;"DC";"DC,Benjamin Military District,Irurzun Prefecture"
1113;"LC";"LC,Protectorate of Donegal,Alarion Province"
1119;"FS";"FS,Capellan March,Taygeta Operational Area,Region 2"
1124;"LC";"LC,Protectorate of Donegal,Furillo Province"
1127;"FWL";"FWL,Marik Commonwealth"
1129;"FWL";"FWL"
1130;"CC";"CC,Sian Commonality,Region 6"
1133;"LC";"LC,Protectorate of Donegal,Coventry Province"
1138;"FS";"FS,Crucis March,Minette Operational Area,Broken Wheel Combat Region"
1140;"CC";"CC,Sian Commonality,Region 6"
1141;"LC";"LC,Protectorate of Donegal,Coventry Province"
1142;"FWL";"FWL,Principality of Regulus"
1145;"CC";"CC,Tikonov Commonality,Region 2"
1148;"A";"A"
1149;"FWL";"FWL,Duchy of Andurien"
1150;"LC";"LC,Protectorate of Donegal,Alarion Province"
1151;"FS";"FS,Draconis March,Woodbine Operational Area,Region 3"
1152;"DC";"DC,Galedon Military District,Oshika Prefecture"
1157;"CC";"CC,Sian Commonality,Region 15"
1160;"TC";"TC,Hyades Union"
1161;"FS";"FS,Capellan March,Taygeta Operational Area,Region 2"
1162;"LC";"LC,Protectorate of Donegal,Furillo Province"
1164;"LC";"LC,Tamar Pact,Tamar Domains"
1166;"FWL";"FWL"
1174;"DC";"DC,Galedon Military District,Matsuida Prefecture"
1175;"DC";"DC,Benjamin Military District,Xinyang Prefecture"
1177;"CC";"CC,Sian Commonality,Region 2"
1182;"IP";"IP,Faction Capital"
1183;"CC";"CC,Tikonov Commonality,Region 8"
1185;"LC";"LC,Protectorate of Donegal,Alarion Province"
1188;"DC";"DC,Dieron Military District,Chaville Prefecture"
1190;"TC";"TC,Hyades Union"
1191;"LC";"LC,Protectorate of Donegal,Coventry Province"
1192;"LC";"LC,Protectorate of Donegal,Alarion Province"
1197;"CC";"CC,Capella Commonality,Region 1"
1200;"A";"A"
1205;"FWL";"FWL,Marik Commonwealth"
1208;"DC";"DC,Pesht Military District,Kagoshima Prefecture"
1209;"FWL";"FWL,Marik Commonwealth"
1211;"DC";"DC,Benjamin Military District,Irurzun Prefecture,Minor Capital"
1212;"FWL";"FWL,Principality of Regulus"
1214;"A";"A"
1216;"FS";"FS,Crucis March,Chirikof Operational Area,Region 2"
1218;"DC";"DC,Pesht Military District,Kagoshima Prefecture"
1219;"CC";"CC,Andurien Commonality,Region 2"
1220;"CC";"CC,Sian Commonality,Region 4"
1223;"LC";"LC,Federation of Skye,Virginia Shire"
1225;"FS";"FS,Crucis March,Minette Operational Area,Broken Wheel Combat Region"
1230;"FS";"FS,Capellan March,Taygeta Operational Area,Region 1"
1231;"TC";"TC,Hyades Union"
1235;"I";"I"
1237;"DC";"DC,Rasalhague Military District,Trondheim Prefecture"
1241;"LC";"LC,Protectorate of Donegal,Furillo Province"
1248;"DC";"DC,Pesht Military District,Bjarred Prefecture"
1249;"LC";"LC,Protectorate of Donegal,Coventry Province"
1251;"DC";"DC,Rasalhague Military District,Trondheim Prefecture"
1252;"FWL";"FWL,Principality of Regulus"
1253;"CC";"CC,Tikonov Commonality,Region 8"
1255;"FS";"FS,Crucis March,Chirikof Operational Area,Region 1"
1257;"FS";"FS,Crucis March,Markesan Operational Area,Region 1"
1262;"OA";"OA,Baliggora Province"
1265;"MOC";"MOC,Canopus District"
1267;"FWL";"FWL"
1269;"FS";"FS,Crucis March,Chirikof Operational Area,Region 3"
1276;"FS";"FS,Crucis March,Chirikof Operational Area,Region 1"
1280;"DC";"DC,Benjamin Military District,Kajikazawa Prefecture,Minor Capital"
1281;"FWL";"FWL"
1284;"FWL";"FWL,Duchy of Andurien"
1293;"DC";"DC,Pesht Military District,Ningxia Prefecture"
1296;"LC";"LC,Tamar Pact,Camlann Shire"
1299;"LC";"LC,Tamar Pact,Tamar Domains"
1301;"CC";"CC,Capella Commonality,Region 7"
1304;"CC";"CC,Andurien Commonality,Region 2"
1305;"FWL";"FWL,Principality of Regulus"
1306;"A";"A"
1307;"LC";"LC,Protectorate of Donegal,Alarion Province"
1311;"A";"A"
1313;"CC";"CC,Tikonov Commonality,Region 4"
1317;"FWL";"FWL"
1318;"FWL";"FWL,Principality of Regulus"
1321;"CC";"CC,Sarna Commonality,Region 6"
1324;"DC";"DC,Rasalhague Military District,Radstadt Prefecture"
1325;"FWL";"FWL"
1328;"OA";"OA,Onverwacht Province"
1332;"CC";"CC,Sian Commonality,Region 12"
1335;"LC";"LC,Federation of Skye,Isle of Skye"
1336;"FS";"FS,Crucis March,Markesan Operational Area,Region 2"
1339;"FS";"FS,Crucis March,Minette Operational Area,Tsamma Combat Region"
1341;"CC";"CC,St. Ives Commonality,Region 3"
1346;"FWL";"FWL,Duchy of Orloff"
1349;"FWL";"FWL"
1352;"DC";"DC,Dieron Military District,Chaville Prefecture"
1353;"DC";"DC,Pesht Military District,Kagoshima Prefecture"
1355;"A";"A"
1364;"CC";"CC,Sian Commonality,Region 10"
1368;"LC";"LC,Protectorate of Donegal,Alarion Province"
1370;"LC";"LC,Protectorate of Donegal,Furillo Province"
1371;"FWL";"FWL,Federation of Oriente"
1372;"LC";"LC,Protectorate of Donegal,Alarion Province"
1373;"FS";"FS,Draconis March,Robinson Operational Area,Region 3"
1375;"CC";"CC,Sian Commonality,Region 1"
1378;"FS";"FS,Capellan March,Kathil Operational Area,Region 2"
1385;"FWL";"FWL"
1392;"LC";"LC,Federation of Skye,Virginia Shire"
1393;"LC";"LC,Tamar Pact,Tamar Domains"
1394;"CC";"CC,Andurien Commonality,Region 1"
1395;"LC";"LC,Federation of Skye,Kannon Shire"
1399;"A";"A"
1406;"DC";"DC,Benjamin Military District,Xinyang Prefecture"
1407;"FS";"FS,Draconis March,Woodbine Operational Area,Region 3"
1410;"A";"A"
1411;"LC";"LC,Tamar Pact,Trellshire"
1412;"DC";"DC,Rasalhague Military District,Tinaca Prefecture"
1419;"DC";"DC,Rasalhague Military District,Radstadt Prefecture"
1423;"A";"A"
1424;"DC";"DC,Benjamin Military District,Proserpina Prefecture"
1426;"CC";"CC,Sian Commonality,Region 9"
1429;"LC";"LC,Protectorate of Donegal,Alarion Province"
1435;"LC";"LC,Federation of Skye,Isle of Skye"
1438;"FWL";"FWL"
1439;"DC";"DC,Pesht Military District,Kagoshima Prefecture"
1441;"I";"I"
1443;"TC";"TC,Hyades Union"
1446;"LC";"LC,Federation of Skye,Isle of Skye"
1449;"FWL";"FWL,Marik Commonwealth"
1451;"I";"I"
1453;"TC";"TC,Hyades Union"
1454;"DC";"DC,Pesht Military District,Ningxia Prefecture"
1457;"DC";"DC,Benjamin Military District,Proserpina Prefecture"
1458;"FS";"FS,Crucis March,Markesan Operational Area,Region 2"
1461;"I";"I"
1465;"LC";"LC,Protectorate of Donegal,Furillo Province"
1469;"FS";"FS,Crucis March,Markesan Operational Area,Region 1"
1473;"LC";"LC,Protectorate of Donegal,District of Donegal"
1475;"FS";"FS,Crucis March,Markesan Operational Area,Region 3"
1476;"DC";"DC,Benjamin Military District,Xinyang Prefecture"
1478;"DC";"DC,Rasalhague Military District,Radstadt Prefecture"
1486;"DC";"DC,Pesht Military District,Pusht-i-rud Prefecture"
1488;"DC";"DC,Rasalhague Military District,Radstadt Prefecture"
1491;"A";"A"
1494;"FWL";"FWL,Federation of Oriente"
1495;"CC";"CC,Sian Commonality,Region 14"
1498;"LC";"LC,Protectorate of Donegal,District of Donegal"
1499;"LC";"LC,Federation of Skye,Isle of Skye"
1501;"DC";"DC,Benjamin Military District,Irurzun Prefecture"
1502;"LC";"LC,Protectorate of Donegal,Alarion Province"
1504;"A";"A"
1505;"MOC";"MOC,Canopus District"
1507;"FS";"FS,Crucis March,Markesan Operational Area,Region 1"
1509;"A";"A"
1510;"OA";"OA,Blommestein Province"
1512;"DC";"DC,Pesht Military District,Bjarred Prefecture"
1517;"LC";"LC,Protectorate of Donegal,Furillo Province"
1518;"TC";"TC,Dumassas Region"
1519;"LC";"LC,Protectorate of Donegal,Coventry Province"
1527;"LC";"LC,Protectorate of Donegal,Coventry Province"
1530;"CC";"CC,Sian Commonality,Region 10"
1532;"DC";"DC,Benjamin Military District,Irurzun Prefecture"
1534;"FWL";"FWL,Duchy of Oriente"
1537;"OA";"OA,Ramora Province"
1540;"MOC";"MOC,Ballad Province"
1541;"MOC";"MOC,Luxen Province,Major Capital"
1549;"LC";"LC,Protectorate of Donegal,Coventry Province"
1551;"LC";"LC,Protectorate of Donegal,Coventry Province"
1554;"FS";"FS,Crucis March,Minette Operational Area,Anjin Muerto Combat Region"
1561;"LC";"LC,Tamar Pact,Tamar Domains"
1565;"FS";"FS,Capellan March,Taygeta Operational Area,Region 1"
1567;"A";"A"
1571;"I";"I"
1574;"CC";"CC,Sian Commonality,Region 12"
1577;"DC";"DC,Dieron Military District,Addicks Prefecture"
1578;"CC";"CC,Sian Commonality,Region 10"
1580;"A";"A"
1581;"CC";"CC,Tikonov Commonality,Region 5"
1583;"FS";"FS,Capellan March,Taygeta Operational Area,Region 1"
1587;"FWL";"FWL"
1594;"FS";"FS,Crucis March,Minette Operational Area,Tsamma Combat Region"
1595;"FWL";"FWL"
1597;"LC";"LC,Protectorate of Donegal,Coventry Province"
1599;"DC";"DC,Benjamin Military District,Proserpina Prefecture"
1600;"MOC";"MOC,Canopus District"
1604;"FWL";"FWL"
1608;"FS";"FS,Crucis March,Minette Operational Area,Broken Wheel Combat Region"
1611;"LC";"LC,Protectorate of Donegal,Alarion Province"
1612;"FWL";"FWL,Federation of Oriente"
1615;"FS";"FS,Crucis March,Markesan Operational Area,Region 1"
1623;"DC";"DC,Pesht Military District,Bjarred Prefecture"
1625;"FWL";"FWL,Federation of Oriente"
1630;"DC";"DC,Rasalhague Military District,Tinaca Prefecture"
1633;"LC";"LC,Tamar Pact,Trellshire"
1635;"A";"A"
1638;"CC";"CC,Sian Commonality,Region 10"
1640;"DC";"DC,Pesht Military District,Kagoshima Prefecture"
1642;"DC";"DC,Galedon Military District,Kaznejoy Prefecture"
1647;"LC";"LC,Tamar Pact,Camlann Shire"
1649;"I";"I"
1653;"LC";"LC,Protectorate of Donegal,Furillo Province"
1660;"DC";"DC,Benjamin Military District,Baldur Prefecture"
1662;"A";"A"
1663;"FS";"FS,Crucis March,Minette Operational Area,Point Barrow Combat Region"
1666;"I";"I"
1669;"I";"I"
1674;"CC";"CC,Tikonov Commonality,Region 5"
1676;"CC";"CC,Sian Commonality,Region 11"
1681;"LC";"LC,Protectorate of Donegal,Alarion Province"
1683;"FS";"FS,Capellan March,Taygeta Operational Area,Region 1"
1685;"FS";"FS,Crucis March,Minette Operational Area,Anjin Muerto Combat Region"
1688;"DC";"DC,Benjamin Military District,Kajikazawa Prefecture"
1689;"FWL";"FWL"
1692;"FS";"FS,Crucis March,Minette Operational Area,Anjin Muerto Combat Region"
1694;"FWL";"FWL,Marik Commonwealth"
1696;"OA";"OA,Traders Domain"
1697;"A";"A"
1699;"FWL";"FWL,Marik Commonwealth"
1700;"A";"A"
1701;"DC";"DC,Galedon Military District,Oshika Prefecture"
1703;"FS";"FS,Draconis March,Woodbine Operational Area,Region 3"
1704;"OA";"OA,Cerberus Province"
1709;"LC";"LC,Federation of Skye,Isle of Skye"
1711;"DC";"DC,Benjamin Military District,Kajikazawa Prefecture"
1713;"OA";"OA,Cerberus Province"
1718;"FS";"FS,Capellan March,Kathil Operational Area,Region 1"
1719;"FS";"FS,Draconis March,Robinson Operational Area,Region 1"
1720;"FS";"FS,Draconis March,Woodbine Operational Area,Region 5"
1722;"OA";"OA,Ramora Province"
1728;"DC";"DC,Galedon Military District,Oshika Prefecture"
1733;"LC";"LC,Protectorate of Donegal,Coventry Province"
1735;"LC";"LC,Protectorate of Donegal,Coventry Province"
1738;"FS";"FS,Crucis March,Minette Operational Area,Tsamma Combat Region"
1739;"DC";"DC,Galedon Military District,Oshika Prefecture"
1740;"FS";"FS,Crucis March,Minette Operational Area,Point Barrow Combat Region"
1745;"FS";"FS,Capellan March,Kathil Operational Area,Region 2"
1746;"FS";"FS,Crucis March,Minette Operational Area,Tsamma Combat Region"
1747;"FS";"FS,Crucis March,Markesan Operational Area,Region 3"
1750;"FS";"FS,Crucis March,Chirikof Operational Area,Region 2"
1752;"DC";"DC,Pesht Military District,Kagoshima Prefecture"
1754;"CC";"CC,Sarna Commonality,Region 6"
1757;"LC";"LC,Tamar Pact,Tamar Domains"
1760;"LC";"LC,Tamar Pact,Camlann Shire"
1762;"FS";"FS,Draconis March,Woodbine Operational Area,Region 2"
1773;"DC";"DC,Dieron Military District,Addicks Prefecture"
1774;"CC";"CC,Sian Commonality,Region 12"
1777;"CC";"CC,Sian Commonality,Region 9"
1778;"FWL";"FWL,Principality of Regulus"
1783;"CC";"CC,Capella Commonality,Region 1"
1785;"DC";"DC,Galedon Military District,Matsuida Prefecture"
1786;"FS";"FS,Draconis March,Woodbine Operational Area,Region 5"
1787;"FS";"FS,Crucis March,Chirikof Operational Area,Region 1"
1798;"FS";"FS,Capellan March,Taygeta Operational Area,Region 1"
1800;"DC";"DC,Dieron Military District,Ashio Prefecture"
1801;"CC";"CC,St. Ives Commonality,Region 2"
1802;"FWL";"FWL,Marik Commonwealth"
1807;"LC";"LC,Federation of Skye,Virginia Shire"
1808;"FS";"FS,Draconis March,Woodbine Operational Area,Region 3"
1809;"OA";"OA,Traders Domain"
1810;"LC";"LC,Protectorate of Donegal,Furillo Province"
1813;"I";"I"
1817;"DC";"DC,Rasalhague Military District,Radstadt Prefecture"
1820;"CC";"CC,Tikonov Commonality,Region 5"
1821;"LC";"LC,Protectorate of Donegal,Coventry Province"
1823;"A";"A"
1827;"LC";"LC,Protectorate of Donegal,District of Donegal"
1838;"LC";"LC,Federation of Skye,Rahneshire"
1839;"CC";"CC,Sarna Commonality,Region 5"
1842;"DC";"DC,Rasalhague Military District,Radstadt Prefecture"
1845;"DC";"DC,Dieron Military District,Addicks Prefecture"
1849;"DC";"DC,Pesht Military District,Pusht-i-rud Prefecture"
1854;"FS";"FS,Capellan March,Taygeta Operational Area,Region 2,Major Capital"
1858;"TC";"TC,Hyades Union"
1862;"FS";"FS,Crucis March,Markesan Operational Area,Region 2"
1864;"DC";"DC,Galedon Military District,New Samarkand Prefecture"
1865;"FWL";"FWL,Principality of Regulus"
1875;"I";"I"
1879;"A";"A"
1881;"CC";"CC,Capella Commonality,Region 3"
1885;"FS";"FS,Crucis March,Chirikof Operational Area,Region 1"
1887;"LC";"LC,Protectorate of Donegal,Alarion Province"
1891;"TC";"TC,Perdition Union"
1892;"LC";"LC,Tamar Pact,Trellshire"
1896;"FS";"FS,Crucis March,Chirikof Operational Area,Region 1"
1909;"FS";"FS,Crucis March,Markesan Operational Area,Region 3"
1916;"OC";"OC,Faction Capital"
1923;"FS";"FS,Crucis March,Markesan Operational Area,Region 2"
1924;"FS";"FS,Crucis March,Minette Operational Area,Anjin Muerto Combat Region"
1925;"DC";"DC,Benjamin Military District,Baldur Prefecture"
1927;"CC";"CC,Tikonov Commonality,Region 8"
1929;"DC";"DC,Benjamin Military District,Proserpina Prefecture"
1930;"FS";"FS,Crucis March,Minette Operational Area,Anjin Muerto Combat Region"
1931;"FWL";"FWL,Regulan Free States"
1935;"DC";"DC,Galedon Military District,Kaznejoy Prefecture"
1936;"CC";"CC,Capella Commonality,Region 1"
1939;"FWL";"FWL"
1943;"I";"I"
1952;"DC";"DC,Galedon Military District,Oshika Prefecture,Minor Capital"
1961;"DC";"DC,Pesht Military District,Kagoshima Prefecture"
1964;"CC";"CC,Capella Commonality,Region 8"
1968;"CC";"CC,Capella Commonality,Region 5"
1969;"TC";"TC,Hyades Union"
1971;"CC";"CC,Sian Commonality,Region 3"
1973;"MOC";"MOC,Luxen Province"
1975;"CC";"CC,Sarna Commonality,Region 4"
1977;"LC";"LC,Protectorate of Donegal,Coventry Province"
1980;"I";"I"
1983;"LC";"LC,Protectorate of Donegal,Coventry Province"
1985;"LC";"LC,Federation of Skye,Rahneshire"
1993;"LC";"LC,Protectorate of Donegal,Coventry Province"
1996;"FS";"FS,Crucis March,Markesan Operational Area,Region 2"
1999;"FWL";"FWL,Federation of Oriente"
2004;"FWL";"FWL"
2005;"CC";"CC,Sian Commonality,Region 8"
2006;"CC";"CC,Sian Commonality,Region 1"
2008;"LC";"LC,Protectorate of Donegal,Alarion Province"
2009;"CC";"CC,Sian Commonality,Region 10"
2010;"FS";"FS,Crucis March,Minette Operational Area,Point Barrow Combat Region"
2012;"DC";"DC,Galedon Military District,Kaznejoy Prefecture"
2013;"CC";"CC,Capella Commonality,Region 5"
2024;"DC";"DC,Dieron Military District,Ashio Prefecture"
2027;"DC";"DC,Dieron Military District,Chaville Prefecture"
2030;"CC";"CC,Andurien Commonality,Region 3"
2044;"FS";"FS,Crucis March,Minette Operational Area,Point Barrow Combat Region"
2048;"FWL";"FWL"
2049;"DC";"DC,Rasalhague Military District,Radstadt Prefecture"
2054;"LC";"LC,Protectorate of Donegal,Coventry Province"
2056;"FS";"FS,Crucis March,Markesan Operational Area,Region 2"
2060;"OA";"OA,Alpheratz Province"
2061;"DC";"DC,Rasalhague Military District,Radstadt Prefecture"
2062;"LC";"LC,Protectorate of Donegal,Alarion Province"
2063;"LC";"LC,Protectorate of Donegal,Furillo Province"
2064;"A";"A"
2065;"CC";"CC,Capella Commonality,Region 8"
2066;"FWL";"FWL"
2069;"FS";"FS,Draconis March,Woodbine Operational Area,Region 5"
2070;"OA";"OA,Cerberus Province"
2073;"MOC";"MOC,Luxen Province"
2075;"CC";"CC,Capella Commonality,Region 1"
2078;"LC";"LC,Protectorate of Donegal,Coventry Province"
2079;"A";"A"
2083;"TC";"TC,Brinton Union"
2084;"LC";"LC,Protectorate of Donegal,Coventry Province"
2088;"OA";"OA,Cerberus Province"
2094;"OA";"OA,Ramora Province"
2098;"FS";"FS,Crucis March,Chirikof Operational Area,Region 1"
2100;"A";"A"
2106;"DC";"DC,Rasalhague Military District,Radstadt Prefecture,Minor Capital"
2113;"FWL";"FWL,Duchy of Orloff"
2121;"FWL";"FWL,Marik Commonwealth"
2122;"LC";"LC,Tamar Pact,Camlann Shire"
2124;"LC";"LC,Tamar Pact,Tamar Domains"
2133;"FS";"FS,Crucis March,Chirikof Operational Area,Region 1"
2134;"CC";"CC,Capella Commonality,Region 3"
2137;"FWL";"FWL,Marik Commonwealth"
2141;"CC";"CC,Sian Commonality,Region 14"
2144;"CC";"CC,Sian Commonality,Region 14"
2145;"FWL";"FWL"
2146;"FWL";"FWL"
2148;"FWL";"FWL"
2151;"DC";"DC,Rasalhague Military District,Trondheim Prefecture"
2152;"LC";"LC,Protectorate of Donegal,Coventry Province"
2154;"FS";"FS,Capellan March,Taygeta Operational Area,Region 1"
2155;"LC";"LC,Federation of Skye,Isle of Skye"
2158;"OA";"OA,Cerberus Province"
2161;"FS";"FS,Capellan March,Taygeta Operational Area,Region 1"
2162;"LC";"LC,Federation of Skye,Rahneshire"
2163;"FWL";"FWL"
2165;"DC";"DC,Pesht Military District,Coudoux Prefecture"
2167;"A";"A"
2169;"FWL";"FWL"
2170;"CC";"CC,Sian Commonality,Region 12"
2174;"DC";"DC,Dieron Military District,Addicks Prefecture"
2175;"FS";"FS,Crucis March,Markesan Operational Area,Region 1"
2179;"I";"I"
2182;"FS";"FS,Draconis March,Robinson Operational Area,Region 4"
2183;"FS";"FS,Draconis March,Robinson Operational Area,Region 2"
2187;"CC";"CC,Tikonov Commonality,Region 4"
2188;"OA";"OA,Alpheratz Province"
2191;"OA";"OA,Cerberus Province"
2195;"I";"I"
2199;"LC";"LC,Protectorate of Donegal,Coventry Province"
2200;"DC";"DC,Dieron Military District,Chaville Prefecture"
2202;"DC";"DC,Dieron Military District,Ashio Prefecture"
2203;"DC";"DC,Benjamin Military District,Proserpina Prefecture"
2204;"CC";"CC,Andurien Commonality,Region 3"
2205;"CC";"CC,St. Ives Commonality,Region 6"
2213;"DC";"DC,Galedon Military District,New Samarkand Prefecture"
2219;"FS";"FS,Crucis March,Markesan Operational Area,Region 2"
2222;"A";"A"
2224;"TC";"TC,Dumassas Region"
2226;"DC";"DC,Galedon Military District,New Samarkand Prefecture"
2229;"LC";"LC,Protectorate of Donegal,Coventry Province"
2232;"FS";"FS,Crucis March,Minette Operational Area,Broken Wheel Combat Region"
2235;"FWL";"FWL,Duchy of Oriente"
2236;"LC";"LC,Protectorate of Donegal,Alarion Province"
2238;"FWL";"FWL"
2241;"FWL";"FWL,Marik Commonwealth"
2244;"LC";"LC,Protectorate of Donegal,Furillo Province"
2245;"TC";"TC,Perdition Union"
2249;"FS";"FS,Crucis March,Markesan Operational Area,Region 2"
2252;"FS";"FS,Draconis March,Woodbine Operational Area,Region 5"
2254;"CC";"CC,Andurien Commonality,Region 3"
2256;"DC";"DC,Benjamin Military District,Proserpina Prefecture"
2257;"FS";"FS,Draconis March,Robinson Operational Area,Region 1"
2258;"FWL";"FWL"
2264;"DC";"DC,Pesht Military District,Coudoux Prefecture"
2268;"TC";"TC,Dumassas Region"
2277;"A";"A"
2279;"LC";"LC,Protectorate of Donegal,Furillo Province"
2283;"DC";"DC,Pesht Military District,Ningxia Prefecture"
2289;"LC";"LC,Protectorate of Donegal,Alarion Province"
2291;"CC";"CC,Sian Commonality,Region 13"
2293;"CC";"CC,St. Ives Commonality,Region 1"
2297;"CC";"CC,Sian Commonality,Region 9"
2298;"FS";"FS,Capellan March,Taygeta Operational Area,Region 1"
2299;"FS";"FS,Crucis March,Minette Operational Area,Anjin Muerto Combat Region"
2303;"CC";"CC,Tikonov Commonality,Region 3"
2304;"FWL";"FWL"
2308;"FWL";"FWL"
2309;"DC";"DC,Pesht Military District,Kagoshima Prefecture"
2310;"DC";"DC,Dieron Military District,Ashio Prefecture"
2311;"DC";"DC,Pesht Military District,Kagoshima Prefecture"
2315;"CC";"CC,Sarna Commonality,Region 5"
2316;"MOC";"MOC,Luxen Province"
2317;"A";"A"
2320;"LC";"LC,Tamar Pact,Camlann Shire"
2322;"CC";"CC,St. Ives Commonality,Region 3"
2324;"FWL";"FWL,Duchy of Oriente"
2325;"FWL";"FWL"
2328;"CC";"CC,Sarna Commonality,Region 1"
2331;"FWL";"FWL"
2333;"CC";"CC,Sian Commonality,Region 7"
2335;"DC";"DC,Pesht Military District,Pusht-i-rud Prefecture"
2341;"TC";"TC,Dumassas Region"
2342;"FWL";"FWL"
2348;"LC";"LC,Tamar Pact,Camlann Shire"
2353;"LC";"LC,Tamar Pact,Tamar Domains"
2356;"LC";"LC,Federation of Skye,Isle of Skye,Major Capital"
2362;"FS";"FS,Capellan March,Kathil Operational Area,Region 1"
2365;"CC";"CC,Tikonov Commonality,Region 9"
2367;"FS";"FS,Crucis March,Minette Operational Area,Broken Wheel Combat Region"
2368;"FS";"FS,Crucis March,Markesan Operational Area,Region 2"
2369;"LC";"LC,Protectorate of Donegal,Furillo Province"
2370;"CS";"CS,Faction Capital"
2374;"LC";"LC,Protectorate of Donegal,Alarion Province"
2381;"DC";"DC,Rasalhague Military District,Tinaca Prefecture"
2383;"FWL";"FWL,Principality of Regulus"
2384;"I";"I"
2387;"DC";"DC,Rasalhague Military District,Radstadt Prefecture"
2389;"FS";"FS,Crucis March,Minette Operational Area,Broken Wheel Combat Region"
2390;"FWL";"FWL,Marik Commonwealth"
2391;"CC";"CC,St. Ives Commonality,Region 2,Major Capital"
2392;"DC";"DC,Rasalhague Military District,Radstadt Prefecture"
2394;"FS";"FS,Crucis March,Minette Operational Area,Tsamma Combat Region"
2395;"CC";"CC,Capella Commonality,Region 4"
2396;"LC";"LC,Protectorate of Donegal,Alarion Province"
2397;"LC";"LC,Protectorate of Donegal,Alarion Province"
2400;"LC";"LC,Protectorate of Donegal,Alarion Province"
2403;"FS";"FS,Crucis March,Markesan Operational Area,Region 3"
2404;"LC";"LC,Tamar Pact,Trellshire"
2407;"LC";"LC,Protectorate of Donegal,Alarion Province"
2413;"FWL";"FWL,Stewart Confederation,Minor Capital"
2419;"LC";"LC,Protectorate of Donegal,Coventry Province"
2424;"FS";"FS,Draconis March,Woodbine Operational Area,Region 1"
2430;"LC";"LC,Tamar Pact,Tamar Domains"
2433;"LC";"LC,Federation of Skye,Isle of Skye"
2435;"LC";"LC,Protectorate of Donegal,District of Donegal"
2436;"CC";"CC,Sian Commonality,Region 6"
2437;"FS";"FS,Draconis March,Woodbine Operational Area,Region 2"
2451;"LC";"LC,Protectorate of Donegal,Coventry Province"
2453;"FS";"FS,Draconis March,Woodbine Operational Area,Region 5"
2454;"FS";"FS,Crucis March,Minette Operational Area,Point Barrow Combat Region"
2469;"FWL";"FWL"
2474;"LC";"LC,Tamar Pact,Tamar Domains,Major Capital"
2475;"FWL";"FWL"
2476;"DC";"DC,Benjamin Military District,Kajikazawa Prefecture"
2479;"FS";"FS,Draconis March,Woodbine Operational Area,Region 4"
2480;"LC";"LC,Protectorate of Donegal,Coventry Province"
2481;"DC";"DC,Benjamin Military District,Xinyang Prefecture"
2482;"FWL";"FWL,Stewart Confederation"
2485;"FS";"FS,Draconis March,Woodbine Operational Area,Region 5"
2486;"CC";"CC,St. Ives Commonality,Region 4"
2487;"OA";"OA,Traders Domain"
2501;"FS";"FS,Crucis March,Markesan Operational Area,Region 1"
2504;"FWL";"FWL"
2505;"MOC";"MOC,Ballad Province"
2509;"OA";"OA,Ramora Province"
2512;"FWL";"FWL,Rim Commonality"
2515;"DC";"DC,Pesht Military District,Kagoshima Prefecture"
2519;"CC";"CC,Sian Commonality,Region 10"
2521;"CC";"CC,St. Ives Commonality,Region 5"
2525;"LC";"LC,Tamar Pact,Tamar Domains"
2527;"A";"A"
2531;"DC";"DC,Galedon Military District,Matsuida Prefecture"
2532;"FS";"FS,Draconis March,Woodbine Operational Area,Region 4"
2540;"FWL";"FWL,Duchy of Andurien"
2542;"FWL";"FWL,Principality of Regulus"
2544;"CC";"CC,Tikonov Commonality,Region 4"
2548;"LC";"LC,Protectorate of Donegal,Coventry Province"
2550;"DC";"DC,Rasalhague Military District,Tinaca Prefecture,Minor Capital"
2551;"FWL";"FWL"
2553;"FS";"FS,Crucis March,Chirikof Operational Area,Region 2"
2554;"LC";"LC,Protectorate of Donegal,Alarion Province"
2555;"FS";"FS,Draconis March,Robinson Operational Area,Region 4"
2558;"DC";"DC,Galedon Military District,Oshika Prefecture"
2561;"DC";"DC,Benjamin Military District,Kajikazawa Prefecture"
2563;"LC";"LC,Tamar Pact,Camlann Shire"
2564;"FWL";"FWL,Marik Commonwealth"
2566;"A";"A"
2567;"FWL";"FWL"
2569;"TD";"TD,Faction Capital"
2570;"OA";"OA,Ramora Province"
2571;"A";"A"
2576;"FS";"FS,Crucis March,Chirikof Operational Area,Region 2"
2578;"LC";"LC,Tamar Pact,Trellshire,Minor Capital"
2579;"FWL";"FWL"
2582;"OA";"OA,Cerberus Province"
2583;"LC";"LC,Protectorate of Donegal,Alarion Province"
2584;"OA";"OA,Baliggora Province"
2586;"DC";"DC,Benjamin Military District,Irurzun Prefecture"
2587;"DC";"DC,Benjamin Military District,Baldur Prefecture"
2588;"DC";"DC,Rasalhague Military District,Trondheim Prefecture,Minor Capital"
2591;"MOC";"MOC,Luxen Province"
2594;"LC";"LC,Protectorate of Donegal,Coventry Province"
2598;"FWL";"FWL,Principality of Regulus"
2602;"LC";"LC,Protectorate of Donegal,Furillo Province"
2606;"DC";"DC,Pesht Military District,Coudoux Prefecture"
2609;"DC";"DC,Dieron Military District,Addicks Prefecture"
2612;"I";"I"
2614;"LC";"LC,Tamar Pact,Camlann Shire"
2618;"FS";"FS,Capellan March,Kathil Operational Area,Region 1"
2622;"OA";"OA,Cerberus Province"
2626;"DC";"DC,Benjamin Military District,Proserpina Prefecture"
2628;"CC";"CC,Sarna Commonality,Region 7"
2629;"DC";"DC,Pesht Military District,Kagoshima Prefecture"
2633;"DC";"DC,Rasalhague Military District,Radstadt Prefecture"
2640;"A";"A"
2643;"FWL";"FWL"
2645;"OA";"OA,Baliggora Province"
2654;"FWL";"FWL"
2655;"FS";"FS,Crucis March,Minette Operational Area,Anjin Muerto Combat Region"
2657;"OA";"OA,Traders Domain"
2659;"FWL";"FWL,Duchy of Orloff"
2666;"LC";"LC,Protectorate of Donegal,District of Donegal"
2667;"DC";"DC,Dieron Military District,Kuzuu Prefecture"
2669;"LC";"LC,Protectorate of Donegal,Alarion Province"
2678;"A";"A"
2679;"CC";"CC,St. Ives Commonality,Region 1"
2682;"FS";"FS,Crucis March,Minette Operational Area,Tsamma Combat Region"
2685;"FS";"FS,Capellan March,Taygeta Operational Area,Region 2"
2688;"FWL";"FWL,Duchy of Andurien"
2693;"DC";"DC,Rasalhague Military District,Radstadt Prefecture"
2699;"OA";"OA,Onverwacht Province"
2700;"LC";"LC,Tamar Pact,Tamar Domains"
2702;"DC";"DC,Rasalhague Military District,Radstadt Prefecture"
2703;"A";"A"
2705;"FWL";"FWL,Regulan Free States"
2708;"DC";"DC,Benjamin Military District,Proserpina Prefecture"
2713;"DC";"DC,Galedon Military District,Kaznejoy Prefecture"
2717;"CC";"CC,Sian Commonality,Region 10"
2719;"FS";"FS,Capellan March,Kathil Operational Area,Region 2"
2720;"CC";"CC,Sian Commonality,Region 15"
2725;"FWL";"FWL,Marik Commonwealth"
2728;"FS";"FS,Crucis March,Chirikof Operational Area,Region 1"
2730;"I";"I"
2733;"FS";"FS,Crucis March,Minette Operational Area,Point Barrow Combat Region"
2734;"FS";"FS,Crucis March,Minette Operational Area,Point Barrow Combat Region"
2738;"FS";"FS,Capellan March,Taygeta Operational Area,Region 2"
2739;"DC";"DC,Galedon Military District,Kaznejoy Prefecture"
2749;"DC";"DC,Galedon Military District,Matsuida Prefecture"
2750;"FWL";"FWL"
2751;"FS";"FS,Capellan March,Kathil Operational Area,Region 1"
2753;"LC";"LC,Tamar Pact,Tamar Domains"
2754;"LC";"LC,Federation of Skye,Virginia Shire"
2756;"FWL";"FWL,Principality of Regulus"
2760;"I";"I"
2764;"I";"I"
2767;"DC";"DC,Galedon Military District,Kaznejoy Prefecture"
2770;"FWL";"FWL"
2772;"FS";"FS,Draconis March,Woodbine Operational Area,Region 3,Minor Capital"
2778;"CC";"CC,Sian Commonality,Region 7"
2788;"CC";"CC,Sian Commonality,Region 10"
2790;"DC";"DC,Pesht Military District,Kagoshima Prefecture"
2793;"CC";"CC,Tikonov Commonality,Region 4"
2795;"DC";"DC,Benjamin Military District,Kajikazawa Prefecture"
2797;"LC";"LC,Federation of Skye,Virginia Shire"
2802;"DC";"DC,Dieron Military District,Chaville Prefecture"
2803;"LC";"LC,Protectorate of Donegal,Alarion Province"
2804;"A";"A"
2805;"A";"A"
2809;"A";"A"
2811;"OA";"OA,Traders Domain"
2813;"FS";"FS,Crucis March,Chirikof Operational Area,Region 1"
2817;"LC";"LC,Federation of Skye,Isle of Skye"
2818;"CC";"CC,Sian Commonality,Region 12"
2821;"MOC";"MOC,Canopus District"
2822;"CC";"CC,Sarna Commonality,Region 5"
2827;"LC";"LC,Federation of Skye,Virginia Shire"
2829;"OA";"OA,Traders Domain"
2832;"TC";"TC,Perdition Union"
2834;"I";"I"
2836;"CC";"CC,Sian Commonality,Region 13"
2837;"LC";"LC,Protectorate of Donegal,Coventry Province"
2841;"CC";"CC,Tikonov Commonality,Region 8"
2842;"DC";"DC,Galedon Military District,New Samarkand Prefecture"
2846;"FWL";"FWL"
2847;"LC";"LC,Federation of Skye,Isle of Skye"
2848;"LC";"LC,Protectorate of Donegal,Alarion Province"
2854;"A";"A"
2855;"A";"A"
2857;"U";"U"
2859;"I";"I"
2861;"U";"U"
2867;"LL";"LL"
2868;"LL";"LL"
2869;"LL";"LL"
2874;"U";"U"
2881;"U";"U"
2882;"DC";"DC,Pesht Military District,Coudoux Prefecture"
2883;"U";"U"
2885;"U";"U"
2891;"U";"U"
2902;"U";"U"
2903;"U";"U"
2907;"U";"U"
2911;"U";"U"
2912;"I";"I"
2916;"U";"U"
2917;"U";"U"
2920;"U";"U"
2923;"FS";"FS,Capellan March,Kathil Operational Area,Region 1"
2924;"U";"U"
2925;"U";"U"
2928;"C";"C"
2929;"CBR";"CBR,Faction Capital"
2930;"C";"C"
2932;"C";"C"
2933;"C";"C"
2938;"C";"C"
2940;"C";"C"
2941;"U";"U"
2942;"C";"C"
2949;"CJF";"CJF,Faction Capital"
2950;"C";"C"
2952;"CSR";"CSR"
2953;"C";"C"
2956;"U";"U"
2969;"C";"C"
2970;"U";"U"
2972;"NC";"NC"
2976;"NC";"NC"
2981;"U";"U"
2984;"I";"I"
2993;"U";"U"
2998;"U";"U"
3001;"U";"U"
3004;"U";"U"
3010;"U";"U"
3013;"U";"U"
3014;"U";"U"
3015;"U";"U"
3017;"U";"U"
3021;"A";"A"
3029;"U";"U"
3034;"U";"U"
3035;"U";"U"
3036;"U";"U"
3037;"U";"U"
3040;"U";"U"
3044;"U";"U"
3048;"U";"U"
3050;"U";"U"
3051;"U";"U"
3054;"U";"U"
3055;"U";"U"
3056;"U";"U"
3058;"U";"U"
3060;"I";"I"
3062;"U";"U"
3063;"U";"U"
3065;"AP";"AP"
3069;"AP";"AP"
3070;"AP";"AP"
3074;"AP";"AP"
3075;"AP";"AP,Faction Capital"
3079;"U";"U"
3081;"U";"U"
3085;"A";"A"
3095;"NDC";"NDC"
3097;"NDC";"NDC"
3098;"NDC";"NDC"
3102;"NDC";"NDC"
3107;"U";"U"
3109;"U";"U"
3111;"I";"I"
3113;"U";"U"
3118;"U";"U"
3119;"U";"U"
3120;"I";"I"
3121;"A";"A"
3124;"U";"U"
3127;"U";"U"
3129;"JF";"JF"
3132;"U";"U"
3133;"U";"U"
3137;"U";"U"
3139;"JF";"JF"
3150;"U";"U"
3153;"U";"U"
3154;"U";"U"
3157;"U";"U"
3162;"U";"U"
3165;"I";"I"
3167;"U";"U"
3169;"U";"U"
